Rank,Country,University,Department,Research Area,Research Subarea,URL
1,United States ,Massachusetts Institute of Technology (MIT),Physics ,"Astrophysics Observation, Instrumentation, and Experiment",,https://physics.mit.edu/research-areas/astrophysics-observation-instrumentation-and-experiment/
,,,,Astrophysics Theory,,https://physics.mit.edu/research-areas/astrophysics-theory/
,,,,Atomic Physics,,https://physics.mit.edu/research-areas/atomic-physics/
,,,,Biophysics,,https://physics.mit.edu/research-areas/biophysics/
,,,,Condensed Matter Experiment,,https://physics.mit.edu/research-areas/condensed-matter-experiment/
,,,,Condensed Matter Theory,,https://physics.mit.edu/research-areas/condensed-matter-theory/
,,,,High Energy and Particle Theory,,https://physics.mit.edu/research-areas/high-energy-and-particle-theory/
,,,,Nuclear Physics Experiment,,https://physics.mit.edu/research-areas/nuclear-physics-experiment/
,,,,Particle Physics Experiment,,https://physics.mit.edu/research-areas/particle-physics-experiment/
,,,,Quantum Gravity and Field Theory,,https://physics.mit.edu/research-areas/quantum-gravity-and-field-theory/
,,,,Quantum Information Science,,https://physics.mit.edu/research-areas/quantum-information-science/
,,,,Strong Interactions and Nuclear Theory,,https://physics.mit.edu/research-areas/strong-interaction-and-nuclear-theory/
2,United States ,Stanford University,Physics,"Atomic, Molecular and Optical Physics",,https://physics.stanford.edu/research/atomic-molecular-and-optical-physics
,,,,Biophysics,,https://physics.stanford.edu/research/biophysics
,,,,Experimental and Observational Astrophysics and Cosmology,,https://physics.stanford.edu/research/experimental-and-observational-astrophysics-and-cosmology
,,,,Experimental Condensed Matter Physics,,https://physics.stanford.edu/research/experimental-condensed-matter-physics
,,,,Experimental Particle Physics,,https://physics.stanford.edu/research/experimental-particle-physics
,,,,Physics and Science Education Research,,https://physics.stanford.edu/research/physics-and-science-education-research
,,,,Theoretical Astrophysics and Cosmology,,https://physics.stanford.edu/research/theoretical-astrophysics-and-cosmology
,,,,Stanford Institute for Theoretical Physics,,https://physics.stanford.edu/research/stanford-institute-theoretical-physics
3,United States ,Harvard University,Physics ,Astrophysics & Astronomy,,https://www.physics.harvard.edu/facresearch
,,,,"Experimental Atomic, Molecular, and Optical Physics",,https://www.physics.harvard.edu/facresearch
,,,,"Theoretical Atomic, Molecular, and Optical Physics",,https://www.physics.harvard.edu/facresearch
,,,,Biophysics,,https://www.physics.harvard.edu/facresearch
,,,,Computational Physics,,https://www.physics.harvard.edu/facresearch
,,,,Experimental Condensed Matter Physics,,https://www.physics.harvard.edu/facresearch
,,,,Theoretical Condensed Matter Physics,,https://www.physics.harvard.edu/facresearch
,,,,Experimental High Energy Physics,,https://www.physics.harvard.edu/facresearch
,,,,Theoretical High Energy Physics/String Theory,,https://www.physics.harvard.edu/facresearch
,,,,History of Physics,,https://www.physics.harvard.edu/facresearch
,,,,Mathematical Physics,,https://www.physics.harvard.edu/facresearch
4,United States ,University of Cambridge,Physics ,Astrophysics,,https://www.phy.cam.ac.uk/directory/research-groups/ap
,,,,"Surfaces, Microstructure and Fracture",,https://www.phy.cam.ac.uk/directory/research-groups/smf
,,,,Theory of Condensed Matter,,https://www.phy.cam.ac.uk/directory/research-groups/tcm
,,,,Thin Film Magnetism,,https://www.phy.cam.ac.uk/directory/research-groups/tfm
,,,,NanoPhotonics,,https://www.phy.cam.ac.uk/directory/research-groups/np
,,,,Biological and Soft Systems,,https://www.phy.cam.ac.uk/research/research-groups/bss
,,,,High Energy Physics,,https://www.phy.cam.ac.uk/directory/research-groups/hep
,,,,"Atomic, Mesoscopic and Optical Physics",,https://www.phy.cam.ac.uk/research/research-groups/amop
,,,,Scientific Computing,,https://www.phy.cam.ac.uk/directory/research-groups/lsc
,,,,Quantum Sensors,,https://www.phy.cam.ac.uk/directory/research-groups/qs
,,,,Quantum Matter,,https://www.phy.cam.ac.uk/directory/research-groups/qm
,,,,Molecular Engineering,,https://www.phy.cam.ac.uk/directory/research-groups/mole
,,,,Microelectronics,,https://www.phy.cam.ac.uk/directory/research-groups/me
,,,,Semiconductor Physics,,https://www.phy.cam.ac.uk/directory/research-groups/sp
,,,,Optoelectronics,,https://www.phy.cam.ac.uk/research/research-groups/oe
5,United Kingdom ,University of Oxford,Physics ,Accelerator physics,,https://www.physics.ox.ac.uk/our-people?theme=4
,,,,Astronomy and astrophysics,,https://www.physics.ox.ac.uk/our-people?theme=29
,,,,Biological physics,,https://www.physics.ox.ac.uk/our-people?theme=30
,,,,Climate physics,,https://www.physics.ox.ac.uk/our-people?theme=31
,,,,"Fields, strings, and quantum dynamics",,https://www.physics.ox.ac.uk/our-people?theme=39
,,,,Exoplanets and planetary physics,,https://www.physics.ox.ac.uk/our-people?theme=37
,,,,Instrumentation,,https://www.physics.ox.ac.uk/our-people?theme=33
,,,,Fundamental particles and interactions,,https://www.physics.ox.ac.uk/our-people?theme=35
,,,,Lasers and high energy density science,,https://www.physics.ox.ac.uk/our-people?theme=34
,,,,Particle astrophysics & cosmology,,https://www.physics.ox.ac.uk/our-people?theme=32
,,,,Plasma physics,,https://www.physics.ox.ac.uk/our-people?theme=38
,,,,Photovoltaics and nanoscience,,https://www.physics.ox.ac.uk/our-people?theme=36
,,,,Quantum information and computation,,https://www.physics.ox.ac.uk/our-people?theme=40
,,,,Quantum materials,,https://www.physics.ox.ac.uk/our-people?theme=41
,,,,Quantum optics & ultra-cold matter,,https://www.physics.ox.ac.uk/our-people?theme=42
6,United States ,"University of California, Berkeley (UCB)",Physics ,ASTROPHYSICS,,https://physics.berkeley.edu/research/astrophysics
,,,,"ATOMIC, MOLECULAR AND OPTICAL PHYSICS",,https://physics.berkeley.edu/research/atomic-molecular-and-optical-physics
,,,,BIOPHYSICS,,https://physics.berkeley.edu/research/biophysics
,,,,CONDENSED MATTER PHYSICS AND MATERIALS SCIENCE,,https://physics.berkeley.edu/research/condensed-matter-physics-and-materials-science
,,,,NUCLEAR PHYSICS,,https://physics.berkeley.edu/research-faculty/nuclear-physics
,,,,PARTICLE PHYSICS,,https://physics.berkeley.edu/research/particle-physics
,,,,PLASMA AND NONLINEAR DYNAMICS,,https://physics.berkeley.edu/research/plasma-and-nonlinear-dynamics
,,,,INSTRUCTIONAL GROUP,,https://physics.berkeley.edu/research-faculty/instructional-group
7,United States ,California Institute of Technology (Caltech),Astronomy ,Astronomy ,,https://pma.caltech.edu/people?cat_one=Professorial%20Faculty&cat_two=Astronomy
,,,Physics ,Physics ,,https://pma.caltech.edu/people?cat_one=Professorial%20Faculty&cat_two=Physics
8,United States ,Princeton University,Physics ,Atomic Physics,,https://phy.princeton.edu/research/research-areas/atomic-physics
,,,,Biological Physics,,https://phy.princeton.edu/research/research-areas/biological-physics
,,,,Condensed Matter Experiment,,https://phy.princeton.edu/research/research-areas/condensed-matter-experiment
,,,,Condensed Matter Theory,,https://phy.princeton.edu/research/research-areas/condensed-matter-theory
,,,,Cosmology & Gravity Theory,,https://phy.princeton.edu/research/research-areas/cosmology-gravity-theory
,,,,Cosmology Experiment & Observation,,https://phy.princeton.edu/research/research-areas/cosmology-experiment-observation
,,,,High Energy Experiment,,https://phy.princeton.edu/research/research-areas/high-energy-experiment
,,,,High Energy Theory,,https://phy.princeton.edu/research/research-areas/high-energy-theory
,,,,Mathematical Physics,,https://phy.princeton.edu/research/research-areas/mathematical-physics
,,,,Particle & Nuclear Astrophysics,,https://phy.princeton.edu/research/research-areas/particle-nuclear-astrophysics
,,,,Particle Phenomenology,,https://phy.princeton.edu/research/research-areas/particle-phenomenology
9,Switzerland ,ETH Zurich - Swiss Federal Institute of Technology,Physics ,Institute for Particle Physics and Astrophysics,,https://www.phys.ethz.ch/research/institutes-and-groups.html
,,,,Institute for Quantum Electronics ,,https://www.phys.ethz.ch/research/institutes-and-groups.html
,,,,Laboratory for Solid State Physics,,https://www.phys.ethz.ch/research/institutes-and-groups.html
,,,,Institute for Theoretical Physics,,https://www.phys.ethz.ch/research/institutes-and-groups.html
,,,,Medical Physics,,https://www.phys.ethz.ch/research/institutes-and-groups.html
10,Japan,The University of Tokyo,,,,
11,United Kingdom ,Imperial College London,Physics ,The Centre for Cold Matter,,https://www.imperial.ac.uk/centre-for-cold-matter/people/
,,,,Centre for Complexity Science,,https://www.imperial.ac.uk/complexity-science/people/
,,,,Plasma Physics,,https://www.imperial.ac.uk/plasma-physics/people/
,,,,Centre for Plasmonics and Metamaterials,,https://www.imperial.ac.uk/plasmonics-metamaterials/people/
,,,,Sustainable energy,,https://www.imperial.ac.uk/processable-electronics/research/sustainable-energy/
,,,,Soft electronics,,https://www.imperial.ac.uk/processable-electronics/research/soft-electronics/
,,,,Emerging technologies,,https://www.imperial.ac.uk/processable-electronics/research/emerging-technologies/
,,,,Astrophysics,,https://www.imperial.ac.uk/astrophysics/people/
,,,,"Imperial Centre for Quantum Engineering, Science and Technology",,https://www.imperial.ac.uk/john-adams-institute/team/
,,,,Quantum Optics and Laser Science (QOLS),,https://www.imperial.ac.uk/a-z-research/quantum-optics-and-laser-science/people/academic-and-research-staff/
12,United States ,UCLA ,Physics and Astronomy ,,,
13,China,Tsinghua University,Physics,,,https://www.phys.tsinghua.edu.cn/phyen/Faculty/By_Research_Area.htm
14,Switzerland,EPFL,Physics Department,Astrophysics and Particle Physics,,https://www.epfl.ch/schools/sb/research/iphys/astrophysics-and-particle-physics/
,,,,Condensed Matter Physics,,https://www.epfl.ch/schools/sb/research/iphys/condensed-matter-physics/
,,,,Physics of Biological and Complex Systems,,https://www.epfl.ch/schools/sb/research/iphys/physics-of-biological-and-complex-systems/
,,,,"Plasma physics, fusion and fission",,https://www.epfl.ch/schools/sb/research/iphys/plasma-physics-fusion-and-fission/
,,,,Quantum Science and Technology,,https://www.epfl.ch/schools/sb/research/iphys/quantum-science-and-technology/
15,Singapore,National University of Singapore,,,,
16,United States ,University of Illinois at Urbana-Champaign,Physics,"Astrophysics, Relativity and Cosmology",,https://physics.illinois.edu/research/groups-and-centers/astrophysics-relativity-cosmology
,,,,"Atomic, Molecular, and Optical Physics & Quantum Information Science",,https://physics.illinois.edu/research/groups-and-centers/amo-quantum-physics
,,,,Biological Physics,,https://physics.illinois.edu/research/groups-and-centers/biological-physics
,,,,Condensed Matter Physics,,https://physics.illinois.edu/research/groups-and-centers/condensed-matter-physics
,,,,High Energy Physics,,https://physics.illinois.edu/research/groups-and-centers/high-energy-physics
,,,,Nuclear Physics,,https://physics.illinois.edu/research/groups-and-centers/nuclear-physics
,,,,Physics Education Research,,https://physics.illinois.edu/research/groups-and-centers/physics-education-research
16,United States,Yale University,,,,
18,United States,Columbia University,Physics,"Atomic, Molecular, Optical/Condensed Matter Physics",,https://cmp-amo.physics.columbia.edu/people-physics/
,,,,,,https://physics.columbia.edu/content/atomic-molecular-opticalcondensed-matter-physics-0
,,,,"Astrophysics, Gravitational Wave Physics and Cosmology",,https://physics.columbia.edu/content/astrophysics-gravitational-wave-physics-and-cosmology
,,,,High Energy Nuclear and Particle Physics,,https://physics.columbia.edu/content/high-energy-nuclear-and-particle-physics
,,,,High Energy Theory Group,,https://het.physics.columbia.edu/people
,,,,"Experimental Particle Physics
",,https://particle.physics.columbia.edu/people
,,,,Biology and Physics,,https://physics.columbia.edu/content/biology-and-physics-0
18,United States,University of Chicago,Physics,Accelerator Physics,,
,,,,Astrophysics,,https://physics.uchicago.edu/research/astrophysics/
,,,,Atomic Physics,,https://physics.uchicago.edu/research/atomic-physics/
,,,,The Institute for Biophysical Dynamics,,https://ibd.uchicago.edu/directory/faculty/
,,,,Biological Physics,,https://physics.uchicago.edu/research/biological-physics/
,,,,Condensed Matter Physics,,https://physics.uchicago.edu/research/condensed-matter-physics/
,,,,Cosmology,,https://physics.uchicago.edu/research/cosmology/
,,,,General Relativity,,https://physics.uchicago.edu/research/general-relativity/
,,,,Nuclear Physics,,https://physics.uchicago.edu/research/nuclear-physics/
,,,,Particle Physics,,https://physics.uchicago.edu/research/cosmology/
,,,,Astronomy and Astrophysics,,https://astrophysics.uchicago.edu/people/
20,Singapore,"Nanyang Technological University, (NTU)",Physics,,,https://www.ntu.edu.sg/spms/about-us/physics/people/faculty
21,China,Peking University,,,,
22,Germany,Ludwig-Maximilians-Universität München,Physics,"Astronomy and Astrophysics, Cosmology
",,https://www.physik.lmu.de/en/research/astronomy-and-astrophysics-cosmology/index.html
,,,,"Molecular Biophysics, Statistical Physics",,https://www.physik.lmu.de/en/research/molecular-biophysics-statistical-physics/index.html
,,,,"Solid State Physics, Nanophysics",,https://www.physik.lmu.de/en/research/solid-state-physics-nanophysics/index.html
,,,,Elementary Particle Physics,,https://www.physik.lmu.de/en/research/elementary-particle-physics/index.html
,,,,Laser Optics and Quantum Optics,,https://www.physik.lmu.de/en/research/laser-optics-and-quantum-optics/index.html
,,,,"Atmospheric Physics, Meteorology",,https://www.physik.lmu.de/en/research/atmospheric-physics-meteorology/index.html
,,,,Medical Physics,,https://www.physik.lmu.de/en/research/medical-physics/index.html
,,,,Theoretical and Mathematical Physics,,https://www.physik.lmu.de/en/research/mathematical-physics/index.html
,,,,Physics Education,,https://www.physik.lmu.de/en/research/physics-education/index.html
23,Germany,Technical University of Munich,Physics,"Nuclear, Particle and Astrophysics",Applied Quantum Field Theory,http://www.t39.ph.tum.de/T39_files/faculty.php
,,,,,Observational Cosmology,https://www.ph.tum.de/research/groups/group/TUPHEOC/
,,,,,Dense and Strange Hadronic Matter,https://www.groups.ph.tum.de/denseandstrange/members/
,,,,,Dark Matter,https://www.ph.tum.de/research/groups/group/TUPHEDM/
,,,,,Particle Physics at Low Energies,https://www.ph.tum.de/research/groups/group/TUPHENE/
,,,,,Experimental Physics with Cosmic Particles,https://www.groups.ph.tum.de/cosmic-particles/group-members/
,,,,,Experimental Astro-Particle Physics,https://www.ph.tum.de/research/groups/group/TUPHE60/
,,,,,Hadronic Structure and Fundamental Symmetries,https://www.groups.ph.tum.de/e18/team/professors/
,,,,,Nuclear Astrophysics,https://www.ph.tum.de/research/groups/group/TUPHENA/
,,,,,Precision Measurements at Extreme Conditions,https://www.ph.tum.de/research/groups/group/TUPHETN/
,,,,,Theoretical Elementary Particle Physics,https://www.groups.ph.tum.de/t31/group-members/
,,,,,Theoretical Elementary Particle Physics,https://www.ph.tum.de/research/groups/group/TUPHT65/
,,,,,Theoretical Physics of the Early Universe,https://www.ph.tum.de/research/groups/group/TUPHTEU/
,,,,,Theoretical Particle Physics,https://www.ph.tum.de/research/groups/group/TUPHTTP/
,,,,,Theoretical Particle and Nuclear Physics,https://www.ph.tum.de/research/groups/group/TUPHT44/
,,,,Condensed Matter Physics,Chemical Physics Beyond Equilibrium,https://www.ph.tum.de/research/groups/group/TUPHE53/
,,,,,Experimental Physics of Functional Spin Systems,https://www.ph.tum.de/research/groups/group/TUPHEFS/
,,,,,Experimental Semiconductor Physics,https://www.ph.tum.de/research/groups/group/TUPHE25/
,,,,,Experimental Semiconductor Physics,https://www.ph.tum.de/research/groups/group/TUPHEHP/
,,,,,Functional Materials,https://www.ph.tum.de/research/groups/group/TUPHE13/
,,,,,Semiconductor Nanostructures and Quantum Systems,https://www.ph.tum.de/research/groups/group/TUPHE57/
,,,,,Collective Quantum Dynamics,https://www.ph.tum.de/research/groups/group/TUPHTCQ/
,,,,,Laser and X-Ray Physics,https://www.ph.tum.de/research/groups/group/TUPHE11/
,,,,,Molecular Engineering at Functional Interfaces,https://www.ph.tum.de/research/groups/group/TUPHEMF/
,,,,,Nanotechnology and Nanomaterials,https://www.ph.tum.de/research/groups/group/TUPHE61/
,,,,,Neutron Scattering,https://www.ph.tum.de/research/groups/group/TUPHE21/
,,,,,Physics of Surfaces and Interfaces,https://www.ph.tum.de/research/groups/group/TUPHE20/
,,,,,Physics of Energy Conversion and Storage,https://www.ph.tum.de/research/groups/group/TUPHECS/
,,,,,Soft Matter Physics,https://www.ph.tum.de/research/groups/group/TUPHE59/
,,,,,Plasma Surface and Divertor Physics,https://www.ph.tum.de/research/groups/group/TUPHE28/
,,,,,Quantum Matter,https://www.ph.tum.de/research/groups/group/TUPHEQM/
,,,,,Quantum Technologies,https://www.ph.tum.de/research/groups/group/TUPHEQT/
,,,,,Technical Physics,https://www.ph.tum.de/research/groups/group/TUPHE23/
,,,,,Theoretical Solid-State Physics,https://www.ph.tum.de/research/groups/group/TUPHTFK/
,,,,,Theory of Quantum Matter and Nanophysics,https://www.ph.tum.de/research/groups/group/TUPHTQM/
,,,,,Theory of Functional Energy Materials,https://www.ph.tum.de/research/groups/group/TUPHTFE/
,,,,,Topology of Correlated Systems,https://www.ph.tum.de/research/groups/group/TUPHE51/
,,,,,Many Particle Phenomena ( Ultracold Atoms & Condensed Matter ),https://www.ph.tum.de/research/groups/group/TUPHT34/
,,,,Biophysics,Biomedical Physics,https://www.ph.tum.de/research/groups/group/TUPHE17/
,,,,,Biomolecular Nano-Technology,https://www.ph.tum.de/research/groups/group/TUPHEPB/
,,,,,Molecular Dynamics,https://www.ph.tum.de/research/groups/group/TUPHT38/
,,,,,Molecular Biophysics,https://www.ph.tum.de/research/groups/group/TUPHE22/
,,,,,Physics of Biomedical Imaging,https://www.ph.tum.de/research/groups/group/TUPHEBI/
,,,,,Physics of Synthetic Biological Systems,https://www.ph.tum.de/research/groups/group/TUPHE14/
,,,,,Structure and Dynamics of Molecular Machines,https://www.ph.tum.de/research/groups/group/TUPHEMM/
,,,,,Theoretical Biophysics of Neuronal Information Processing,https://www.ph.tum.de/research/groups/group/TUPHT35/
,,,,,Theory of Biological Networks,https://www.ph.tum.de/research/groups/group/TUPHTBN/
,,,,,Theory of Complex Bio-Systems,https://www.ph.tum.de/research/groups/group/TUPHTBS/
,,,,,Cellular Biophysics,https://www.ph.tum.de/research/groups/group/TUPHE27/
24,United States,Cornell University,Physics,Accelerator Physics ,,https://physics.cornell.edu/accelerator-physics
,,,,"Astrophysics, General Relativity and Cosmology ",,https://physics.cornell.edu/astrophysics-general-relativity-and-cosmology
,,,,Biological Physics ,,https://physics.cornell.edu/biological-physics
,,,,Experimental Condensed-Matter Physics ,,https://physics.cornell.edu/experimental-condensed-matter-physics
,,,,Experimental Elementary Particle Physics ,,https://physics.cornell.edu/experimental-elementary-particle-physics
,,,,Physics Education Research ,,https://physics.cornell.edu/physics-education-research
,,,,Theoretical Condensed-Matter Physics ,,https://physics.cornell.edu/theoretical-condensed-matter-physics
,,,,Theoretical Elementary Particle Physics ,,https://physics.cornell.edu/theoretical-elementary-particle-physics
25,United States,"University of California, Santa Barbara (UCSB)",Physics,"Atomic, Molecular, and Optical Physics
",,https://www.physics.ucsb.edu/research/amo
,,,,Physics of Soft and Living Matter,,http://biogroup.physics.ucsb.edu/people.html
,,,,Condensed Matter Experimental Physics,,https://www.physics.ucsb.edu/research/cmx
,,,,Condensed Matter Theory ,,https://www.physics.ucsb.edu/research/cmt
,,,,High Energy Physics,,http://hep.ucsb.edu/people/people.html
,,,,High Energy Theory ,,https://www.physics.ucsb.edu/research/hept
,,,,Gravity and Relativity,,https://web.physics.ucsb.edu/~relativity/people.html
,,,,Mathematical Physics,,https://www.physics.ucsb.edu/research/mathphysics
,,,,Astrophysics and Cosmology,,https://web.physics.ucsb.edu/~astrogroup/people/
26,Japan,Kyoto University,,,,
26,Canada,University of Toronto,Physics,Biological Physics,,https://www.physics.utoronto.ca/members/department_groups/biophy/
,,,,Condensed Matter Physics,,https://www.physics.utoronto.ca/members/department_groups/cmp/
,,,,"Earth, Atmospheric, and Planetary Physics",,https://www.physics.utoronto.ca/members/department_groups/eapp/
,,,,Experimental Particle Physics and Astrophysics,,https://www.physics.utoronto.ca/members/department_groups/ehep/
,,,,Physics Education,,https://www.physics.utoronto.ca/members/department_groups/physed/
,,,,Quantum Optics,,https://www.physics.utoronto.ca/members/department_groups/qo/
,,,,Theoretical High Energy Physics,,https://www.physics.utoronto.ca/members/department_groups/thep/
28,Japan,Tokyo Institute of Technology (Tokyo Tech),Physics,,,https://educ.titech.ac.jp/phys/eng/faculty/#
29,Russia,Lomonosov Moscow State University,,,,
29,United States,"University of Maryland, College Park",Physics,Astro Metrology,,https://umdphysics.umd.edu/research/research-areas/astro-metrology.html
,,,,"Atomic, Molecular & Optical",,https://umdphysics.umd.edu/research/research-areas/atomic-molecular-optical.html
,,,,Biophysics,,https://umdphysics.umd.edu/research/research-areas/biophysics.html
,,,,Condensed Matter Experiment,,https://umdphysics.umd.edu/research/research-areas/condensed-matter-experiment.html
,,,,Condensed Matter Theory,,https://umdphysics.umd.edu/research/research-areas/condensed-matter-theory.html
,,,,Cosmic Ray Physics,,https://umdphysics.umd.edu/research/research-areas/cosmic-ray-physics.html
,,,,Elementary Particles,,https://umdphysics.umd.edu/research/research-areas/elementary-particles.html
,,,,Gravitation Experiment,,https://umdphysics.umd.edu/research/research-areas/gravitation-experiment.html
,,,,Gravitational Theory,,https://umdphysics.umd.edu/research/research-areas/gravitational-theory.html
,,,,High Energy Physics,,https://umdphysics.umd.edu/research/research-areas/high-energy-physics.html
,,,,"Nonlinear Dynamics, Chaos and Complex Systems",,https://umdphysics.umd.edu/research/research-areas/nonlinear-dynamics-chaos-and-complex-systems.html
,,,,Nuclear Physics,,https://umdphysics.umd.edu/research/research-areas/nuclear-physics.html
,,,,Particle Astrophysics,,https://umdphysics.umd.edu/research/research-areas/particle-astrophysics.html
,,,,Physics Education Research,,https://umdphysics.umd.edu/research/research-areas/physics-education-research.html
,,,,Plasma Physics Experiment,,https://umdphysics.umd.edu/research/research-areas/plasma-physics.html
,,,,Plasma Theory,,https://umdphysics.umd.edu/research/research-areas/plasma-theory.html
,,,,Quantum Science and Technology,,https://umdphysics.umd.edu/research/research-areas/quantum.html
,,,,"Quarks, Hadrons and Nuclei",,https://umdphysics.umd.edu/research/research-areas/quarks-hadron-and-nuclei.html
,,,,Space Physics,,https://umdphysics.umd.edu/research/research-areas/space-physics.html
31,Germany,Ruprecht-Karls-Universität Heidelberg,Physics,Institut for Theoretical Physics,,https://www.thphys.uni-heidelberg.de/index.php?lang=e&n1=people&n2=professors
,,,,Institute of Environmental Physics,,https://www.iup.uni-heidelberg.de/en/people
,,,,Kirchhoff-Institute for Physics,,https://www.kip.uni-heidelberg.de/people/
,,,,Center for Astronomy,,
31,United Kingdom,UCL,Physics and Astronomy,Astrophysics,,https://www.ucl.ac.uk/astrophysics/people/people-groups
,,,,"Atomic, Molecular, Optical and Positron Physics",,https://www.ucl.ac.uk/amopp/amopp-academic-staff
,,,,Biological Physics,,https://www.ucl.ac.uk/biophysics/people
,,,,Condensed Matter & Materials Physics,,https://www.ucl.ac.uk/condensed-matter-material-physics/people
,,,,High Energy Physics,,http://www.hep.ucl.ac.uk/people/index.shtml#academics
31,France,Université PSL,,,,
34,United States,University of Michigan-Ann Arbor,Physics,Theoretical Cosmology and Astrophysics,,https://lsa.umich.edu/physics/people/faculty.gallery.html#tagns=michigan-lsa&tag=physics/theoretical-cosmology-astrophysics&tagtext=Theoretical%20Cosmology%20and%20Astrophysics
,,,,Experimental Cosmology and Astrophysics,,https://lsa.umich.edu/physics/people/faculty.gallery.html#tagns=michigan-lsa&tag=physics/experimental-cosmology-astrophysics&tagtext=Experimental+Cosmology+and+Astrophysics+&q=&alpha=&page=1&time=1569875935535
,,,,"Atomic, Molecular & Optical",,"https://lsa.umich.edu/physics/people/faculty.html#q=&alpha=&page=1&tag=physics/atomic-molecular-optical&tagns=michigan-lsa&tagtext=Experimental+Atomic,+Molecular+%26+Optical&time=1569876057508"
,,,,Theoretical Biological Physics,,https://lsa.umich.edu/physics/people/faculty.html#q=&alpha=&page=1&tag=physics/theoretical-biological-physics&tagns=michigan-lsa&tagtext=Theoretical+Biological+Physics&time=1569944909659
,,,,Experimental Biological Physics,,https://lsa.umich.edu/physics/people/faculty.html#q=&alpha=&page=1&tag=physics/experimental-biological-physics&tagns=michigan-lsa&tagtext=Experimental+Biological+Physics&time=1569944943486
,,,,Nuclear and Subatomic Physics,,https://lsa.umich.edu/physics/people/faculty.html#q=&alpha=&page=1&tag=physics/experimental-nuclear-subatomic-physics&tagns=michigan-lsa&tagtext=Experimental+Nuclear+and+Subatomic+Physics&time=1569945006854
,,,,"Theoretical Elementary Particle Physics
 ",,https://lsa.umich.edu/physics/people/faculty.html#q=&alpha=&page=1&tag=physics/theoretical-elementary-particle-physics&tagns=michigan-lsa&tagtext=Theoretical+Elementary+Particle+Physics&time=1569945135247
,,,,Experimental Elementary Particle Physics,,https://lsa.umich.edu/physics/people/faculty.html#q=&alpha=&page=1&tag=physics/experimental-elementary-particle-physics&tagns=michigan-lsa&tagtext=Experimental+Elementary+Particle+Physics&time=1569945185611
,,,,Theoretical Complex Systems,,https://lsa.umich.edu/physics/people/faculty.html#q=&alpha=&page=1&tag=physics/theoretical-complex-systems&tagns=michigan-lsa&tagtext=Theoretical+Complex+Systems&time=1569945331478
,,,,Experimental Complex Systems,,https://lsa.umich.edu/physics/people/faculty.html#q=&alpha=&page=1&tag=physics/experimental-complex-systems&tagns=michigan-lsa&tagtext=Experimental+Complex+Systems&time=1569945408986
,,,,Experimental Condensed Matter Physics,,https://lsa.umich.edu/physics/people/faculty.html#q=&alpha=&page=1&tag=physics/experimental-condensed-matter-physics&tagns=michigan-lsa&tagtext=Experimental+Condensed+Matter+Physics&time=1569945365653
,,,,Complex System,,https://lsa.umich.edu/cscs/people.html
34,United States,University of Texas at Austin,Physics,"Atomic, Molecular, and Optical Physics ",,https://ph.utexas.edu/research/research-areas/atomic-molecular-and-optical-physics
,,,,Biophysics & Nonlinear Dynamics at UT Austin,,https://ph.utexas.edu/research/research-areas/biophysics-nonlinear-dynamics
,,,,Condensed Matter / Solid-State Physics,,https://ph.utexas.edu/research/research-areas/condensed-matter-solid-state-physics
,,,,Fundamental Theory,,https://ph.utexas.edu/research/research-areas/high-energy-theory-including-cosmology
,,,,High Energy Theory including Cosmology,,https://ph.utexas.edu/research/research-areas/high-energy-theory-including-cosmology
,,,,Experimental High Energy Physics,,https://ph.utexas.edu/research/research-areas/high-energy-particle-experiment
,,,,Gravitational Physics,,https://ph.utexas.edu/research/research-areas/gravitational-physics
,,,,High Energy-Density Science,,https://ph.utexas.edu/research/research-areas/high-energy-density-science
,,,,Nuclear Physics,,https://ph.utexas.edu/research/research-areas/nuclear-physics
,,,,Plasma/Fusion Physics,,https://ph.utexas.edu/research/research-areas/plasma-fusion-physics
36,South Korea,Seoul National University,Physics,"Nuclear Physics, Particle Physics, and Cosmology ",,https://physics.snu.ac.kr/en/research-faculty/research/nuclear-physics-particle-physics-and-cosmology
,,,,"Atomic, Molecular, and Optical Physics ",,https://physics.snu.ac.kr/en/research-faculty/research/atomic-molecular-and-optical-physics
,,,,Condensed Matter Physics,,https://physics.snu.ac.kr/en/research-faculty/research/condensed-matter-physics
,,,,Statistical Physics,,https://physics.snu.ac.kr/en/research-faculty/research/statistical-physics
,,,,Biophysics ,,https://physics.snu.ac.kr/en/research-faculty/research/biophysics
,,,,Nanoscale Physics and Photonics,,https://physics.snu.ac.kr/en/research-faculty/research/nanoscale-physics-and-photonics
37,Hong Kong SAR,The Hong Kong University of Science and Technology,Physics,"Cold Atoms, Optics and Quantum Information",,https://physics.ust.hk/eng/research_detail.php?recatid=6&id=12
,,,,"Condensed Matter Theory, Statistical and Computational Physics",,https://physics.ust.hk/eng/research_detail.php?recatid=18&id=55
,,,,Condensed Matter Experiments and Advanced Materials ,,https://physics.ust.hk/eng/research_detail.php?recatid=17&id=53
,,,,Particle Physics and Cosmology ,,https://physics.ust.hk/eng/research_detail.php?recatid=15&id=51
,,,,Soft Matter and Biological Physics ,,https://physics.ust.hk/eng/research_detail.php?recatid=7&id=31
,,,,Wave Functional Materials and Physics ,,https://physics.ust.hk/eng/research_detail.php?recatid=14&id=56
,,,Centre for Fundamental Physics         ,,,http://cfp.ust.hk/cgi-bin/cfp/eng/people.php
37,Japan,Tohoku University,Physics,Particle Theory and Cosmology,,http://www.phys.tohoku.ac.jp/en/research-fields/pnt/particle_theory_cosmology/
,,,,Nuclear Theory,,http://www.phys.tohoku.ac.jp/en/research-fields/pnt/nuclear_theory/
,,,,Theoretical Condensed Matter and Statistical Physics,,http://www.phys.tohoku.ac.jp/en/research-fields/cmt/theoretical_condensed_matter/
,,,,IMR Theoretical Physics Group,,http://www.phys.tohoku.ac.jp/en/research-fields/cmt/imr_theoretical/
,,,,Experimental Particle Physics (Accelerator),,http://www.phys.tohoku.ac.jp/en/research-fields/enpp/particle_accelerator/
,,,,Experimental Partcle Physics (Neutrino),,http://www.phys.tohoku.ac.jp/en/research-fields/enpp/particle_neutrino/
,,,,Experimental Nuclear Physics,,http://www.phys.tohoku.ac.jp/en/research-fields/enpp/experimental_nuclear/
,,,,Nuclear Science,,http://www.phys.tohoku.ac.jp/en/research-fields/enpp/nuclear_science/
,,,,Nuclear Radiation Physics,,http://www.phys.tohoku.ac.jp/en/research-fields/enpp/nuclear_radiation/
,,,,Accelerator Science,,http://www.phys.tohoku.ac.jp/en/research-fields/enpp/accelerator/
,,,,Photoemission Solid-State Physics,,http://www.phys.tohoku.ac.jp/en/research-fields/cme1/photoemission/
,,,,Solid State Physics on Nano Solids,,http://www.phys.tohoku.ac.jp/en/research-fields/cme1/nano_solids/
,,,,Low Temperature Quantum Physics,,http://www.phys.tohoku.ac.jp/en/research-fields/cme1/lt_quantum/
,,,,Macroscopic Quantum Phenomena,,http://www.phys.tohoku.ac.jp/en/research-fields/cme1/macroscopic/
,,,,Microscopic Structural Condensed Matter Physics,,http://www.phys.tohoku.ac.jp/en/research-fields/cme1/microscopic_structure/
,,,,Low-Dimensional Quantum Physics,,http://www.phys.tohoku.ac.jp/en/research-fields/cme1/low-dimensional/
,,,,Condensed Spin Matter Group,,http://www.phys.tohoku.ac.jp/en/research-fields/cme1/condensed_spin/
,,,,High Magnetic Field Condensed Matter,,http://www.phys.tohoku.ac.jp/en/research-fields/cme1/high_magnetic_field/
,,,,Low Temperature Materials Science,,http://www.phys.tohoku.ac.jp/en/research-fields/cme1/lt_materials/
,,,,Condensed Matter Physics in Molecular Materials,,http://www.phys.tohoku.ac.jp/en/research-fields/cme1/molecular_materials/
,,,,Thin Films and Heterointerfaces Research Group,,http://www.phys.tohoku.ac.jp/en/research-fields/cme1/thin_films_heterointerfaces/
,,,,Strongly Correlated Electron Physics,,http://www.phys.tohoku.ac.jp/en/research-fields/cme1/strongly_correlated_electron/
,,,,Soft Matter and Biophysics,,http://www.phys.tohoku.ac.jp/en/research-fields/cme2/softmatter-bio/
,,,,Solid State Photophysics,,http://www.phys.tohoku.ac.jp/en/research-fields/cme2/solid_state_photo/
,,,,Ultrafast Spectroscopy,,http://www.phys.tohoku.ac.jp/en/research-fields/cme2/ultrafast/
,,,,Quantum Dynamics,,http://www.phys.tohoku.ac.jp/en/research-fields/cme2/quantum_dynamics/
,,,,Spin-Related Functional Materials Science,,http://www.phys.tohoku.ac.jp/en/research-fields/cme2/spin_functional_materials/
,,,,Crystal Growth Physics,,http://www.phys.tohoku.ac.jp/en/research-fields/cme2/crystal_growth/
,,,,Surface Structure Physics,,http://www.phys.tohoku.ac.jp/en/research-fields/cme2/surface_structure/
,,,,Quantum Spin Physics,,http://www.phys.tohoku.ac.jp/en/research-fields/cme2/quantum_spin/
,,,,Electron-Crystallography and-Spectroscopy,,http://www.phys.tohoku.ac.jp/en/research-fields/cme2/electron_crystallography/
,,,,Structural Physics and Crystal Physics,,http://www.phys.tohoku.ac.jp/en/research-fields/cme2/crystal_structure/
,,,,Quantum Measurement and Functional Sensing,,http://www.phys.tohoku.ac.jp/en/research-fields/cme2/quantum_sensing/
,,,Astronomy,,,https://www.astr.tohoku.ac.jp/en/member/index.html
,,,Geophysics,,,
39,France,Ecole Polytechnique,,,,
40,Australia,The Australian National University,Research School of Physics,Department of Applied Mathematics,,https://physics.anu.edu.au/appmaths/people/
,,,,Centre for Plasmas and Fluids,,https://physics.anu.edu.au/cpf/people/
,,,,Laser Physics Centre,,https://physics.anu.edu.au/laser/people/
,,,,Nonlinear Physics,,https://physics.anu.edu.au/nonlinear/people/
,,,,Nuclear Physics,,https://physics.anu.edu.au/nuclear/people/
,,,,Quantum Science,,https://physics.anu.edu.au/quantum/people/
,,,,Theoretical Physics,,https://physics.anu.edu.au/theophys/people/
41,Italy,Sapienza University of Rome,Physics,"Astronomy, Astrophysics and Geophysics",,https://www.phys.uniroma1.it/fisica/en/node/10144
,,,,"Biophysics, Medical Physics and Cultural Heritage",,https://www.phys.uniroma1.it/fisica/en/node/10145
,,,,Condensed Matter and Physics of Biosystems,,https://www.phys.uniroma1.it/fisica/en/node/10146
,,,,Particle Physics and Fundamental Interactions,,https://www.phys.uniroma1.it/fisica/en/node/10147
,,,,Statistical Mechanics and Mathematical Physics,,https://www.phys.uniroma1.it/fisica/en/node/10148
41,United Kingdom,The University of Manchester,Physics and Astronomy,Accelerator physics,,https://www.physics.manchester.ac.uk/research/areas-of-expertise/accelerator-physics/
,,,,Experimental Nuclear Physics Group,,http://www.nuclear.manchester.ac.uk/people/
,,,,Particle Physics,,http://www.hep.man.ac.uk/whoswho/HEP_members.html
,,,,Theoretical nuclear physics,,https://theory.physics.manchester.ac.uk/groups/index.php/home/group-members/
,,,,Jodrell Bank Centre for Astrophysics,,https://www.jodrellbank.manchester.ac.uk/about/people/
,,,,Atomic physics,,http://es1.ph.man.ac.uk/Atomic_%26_Molecular_Physics/People.html
,,,,Biological physics,,https://www.physics.manchester.ac.uk/research/areas-of-expertise/biological-physics/
,,,,Condensed matter physics,,http://www.condmat.physics.manchester.ac.uk/people/
,,,,Photon physics,,https://www.physics.manchester.ac.uk/research/areas-of-expertise/photon-physics/
,,,,Physics of fluids and soft matter,,https://www.physics.manchester.ac.uk/research/areas-of-expertise/physics-of-fluids/
,,,,Soft matter: liquid crystals,,
,,,,Theoretical Physics,,https://theory.physics.manchester.ac.uk/groups/index.php/home/group-members/
43,United States,Georgia Institute of Technology,Physics,"Astrophysics, Astroparticles, & Gravitation",,https://physics.gatech.edu/research/activities/astrophysics
,,,,Center for Relativistic Astrophysics,,https://cra.gatech.edu/faculty/
,,,,"Atomic, Molecular, & Optical Physics",,https://physics.gatech.edu/research/activities/atomic-molecular
,,,,Condensed Matter & Materials,,https://physics.gatech.edu/research/activities/condensed-matter
,,,,Non-linear Physics,,https://physics.gatech.edu/research/activities/statistical-physics
,,,,Physics of Living Systems,,https://physics.gatech.edu/research/activities/pols
,,,,Soft Matter: liquid crystals,,https://physics.gatech.edu/research/activities/soft-matter
43,China,Shanghai Jiao Tong University,Physics and Astronomy,Institute for Laser Plasma Physics,,
,,,,Institute of Nuclear and Particle Physics,,https://inpac.physics.sjtu.edu.cn/en/pictrue.aspx?info_lb=246&flag=224
,,,,Institute of Condensed Matter Physics,,
,,,,Institute of Optical Science and Technology,,https://oserc.physics.sjtu.edu.cn/oserc/index.php/People/people
,,,,Institute of Theoretical  and Interdisciplinary Physics,,
,,,,Wilczek Quantum Center,,
,,,Astronomy,,,
45,Japan,Osaka University,Pyhisics,"Experimental Nuclear Physics, Kawabata Group",,https://www.phys.sci.osaka-u.ac.jp/en/research_groups/group/00-5_kawabata/index.html
,,,,"High Energy Physics, Yamanaka Group",,https://www.phys.sci.osaka-u.ac.jp/en/research_groups/group/00-3_yamanaka/index.html
,,,,"Experimental Particle Physics, Aoki Group",,https://www.phys.sci.osaka-u.ac.jp/en/research_groups/group/00-6_aoki/index.html
,,,,"Development of Quantum Materials, Kudo Group",,https://www.phys.sci.osaka-u.ac.jp/en/research_groups/group/01-6_kudo/index.html
,,,,"Physics of Strongly Correlated Electron Systems, Hanasaki Group",,https://www.phys.sci.osaka-u.ac.jp/en/research_groups/group/01-1_hanasaki/index.html
,,,,"Nanoscale Physics, Niimi Group",,https://www.phys.sci.osaka-u.ac.jp/en/research_groups/group/01-7_Niimi/index.html
,,,,"Interface Physics, Matsuno Group",,https://www.phys.sci.osaka-u.ac.jp/en/research_groups/group/01-5_matsuno/index.html
,,,,Mass Spectrometry Group,,https://www.phys.sci.osaka-u.ac.jp/en/research_groups/group/01-4_mass/index.html
,,,,Particle Physics Theory ,,https://www.phys.sci.osaka-u.ac.jp/en/research_groups/group/02-0_kanemura/index.html
,,,,,,https://www.phys.sci.osaka-u.ac.jp/en/research_groups/group/02-2_onogi/index.html
,,,,,,https://www.phys.sci.osaka-u.ac.jp/en/research_groups/group/02-4_onogi/index.html
,,,,"Nuclear Theory, Asakawa Group",,https://www.phys.sci.osaka-u.ac.jp/en/research_groups/group/02-3_asakawa/index.html
,,,,Theory of Electrons in Solids,,https://www.phys.sci.osaka-u.ac.jp/en/research_groups/group/03-0_kuroki/index.html
,,,,Theoretical Condensed Matter Physics,,https://www.phys.sci.osaka-u.ac.jp/en/research_groups/group/03-1_ogawa/index.html
,,,,Condensed Matter Theory,,https://www.phys.sci.osaka-u.ac.jp/en/research_groups/group/03-3_koshino/index.html
45,United Kingdom,The University of Edinburgh,Institute for Astronomy,Active Galactic Nuclei,,https://ifa.roe.ac.uk/research-areas/active-galactic-nuclei
,,,,Cosmology,,https://ifa.roe.ac.uk/research-areas/cosmology
,,,,Exoplanets,,https://ifa.roe.ac.uk/research-areas/exoplanets
,,,,Galaxy Formation & Evolution,,https://ifa.roe.ac.uk/research-areas/galaxy-formation-and-evolution
,,,,Milky Way & Local Group,,https://ifa.roe.ac.uk/research-areas/milky-way-local-group
,,,,Simulations,,https://ifa.roe.ac.uk/research-areas/simulations
,,,,Solar System,,https://ifa.roe.ac.uk/research-areas/solar-system
,,,,Wide-Field Astronomy Unit,,https://ifa.roe.ac.uk/research-areas/wide-field-astronomy-unit
,,,,Astrobiology,,https://www.ph.ed.ac.uk/icmcs/research-themes/astrobiology
,,,,Computational Materials Physics,,https://www.ph.ed.ac.uk/icmcs/research-themes/computational-materials-physics
,,,,Extreme Conditions Physics and the Centre for Science at Extreme Conditions,,https://www.ph.ed.ac.uk/icmcs/research-themes/extreme-conditions-physics
,,,,Physics of Living Matter,,https://www.ph.ed.ac.uk/icmcs/research-themes/physics-of-living-matter
,,,,Quantum Ordering,,https://www.ph.ed.ac.uk/icmcs/research-themes/quantum-ordering
,,,,Soft Matter Physics,,https://www.ph.ed.ac.uk/icmcs/research-themes/soft-matter-physics
,,,,Statistical Physics and Complexity,,https://www.ph.ed.ac.uk/icmcs/research-themes/statistical-physics-and-complexity
,,,,Nuclear Physics,,https://www.ph.ed.ac.uk/nuclear-physics/people
,,,,Particle Physics Experiment,,https://www.ph.ed.ac.uk/particle-physics-experiment/people
,,,,Particle Physics Theory,,https://www.ph.ed.ac.uk/particle-physics-theory/people
,,,,Centre for Science at Extreme Conditions (CSEC),,https://www.csec.ed.ac.uk/members
,,,Higgs Centre for Theoretical Physics,Astrophysical Structure Formation,,https://higgs.ph.ed.ac.uk/research/astrophysical-structure-formation/
,,,,Collider Physics,,https://higgs.ph.ed.ac.uk/research/collider-physics/
,,,,Computational Materials Physics,,https://higgs.ph.ed.ac.uk/research/computational-materials-physics/
,,,,Fundamental Cosmology,,https://higgs.ph.ed.ac.uk/research/fundamental-cosmology/
,,,,"Gauge Fields, Gravity and Strings",,https://higgs.ph.ed.ac.uk/research/gauge-fields-gravity-and-strings/
,,,,Hadron Structure and Decays,,https://higgs.ph.ed.ac.uk/research/hadron-structure-and-decays/
,,,,Statistical Physics and Complexity,,https://higgs.ph.ed.ac.uk/research/statistical-physics-and-complexity/
,,,,Terascale Physics,,https://higgs.ph.ed.ac.uk/research/terascale-physics/
,,,Higgs Centre for Theoretical Physics,Edinburgh Centre for Computational Astrophysics,,https://www.roe.ac.uk/~aam/ecca/People/index.html
,,,,Collider Physics,,https://www.ph.ed.ac.uk/particle-physics-theory/research/collider-physics
,,,,Lattice gauge theory ,,https://www.ph.ed.ac.uk/particle-physics-theory/research/lattice-gauge-theory
,,,,Particle cosmology,,https://www.ph.ed.ac.uk/particle-physics-theory/research/particle-cosmology
,,,,String Theory,,https://empg.maths.ed.ac.uk/Staff.html
,,,,Statistical Physics and Complexity,,https://www.ph.ed.ac.uk/icmcs/research-themes/statistical-physics-and-complexity
,,,UK Centre for Astrobiology,,,https://www.astrobiology.ac.uk/people
,,,Centre for Exoplanet Science,,,https://www.exoplanets.ed.ac.uk/people
47,France,Sorbonne University,,,,
48,China,Fudan University,,,,
49,Canada,University of British Columbia,Physics & Astronomy,Applied Physics,,https://phas.ubc.ca/applied-physics
,,,,Astronomy & Astrophysics,,https://phas.ubc.ca/astronomy-astrophysics
,,,,Atomic Molecular Optical Physics,,https://phas.ubc.ca/atomic-molecular-optical-physics
,,,,Biophysics,,https://phas.ubc.ca/biophysics
,,,,Condensed Matter,,https://phas.ubc.ca/condensed-matter
,,,,Medical Physics,,https://phas.ubc.ca/medical-physics
,,,,Particle Nuclear Physics,,https://phas.ubc.ca/particle-nuclear-physics
,,,,Physics Astronomy Education,,https://phas.ubc.ca/physics-astronomy-education
,,,,Quantum Information,,https://phas.ubc.ca/quantum-information
,,,,Theoretical Physics,,https://phas.ubc.ca/theoretical-physics
50,Russia,Moscow Institute of Physics and Technology (MIPT),,,,
51,Germany,"KIT, Karlsruhe Institute of Technology",Physics,Institute of Applied Physics,,https://www.aph.kit.edu/english/287.php
,,,,Institute of Experimental Particle Physics,,https://www.etp.kit.edu/english/staff.php
,,,,Geophysical Institute,,https://www.gpi.kit.edu/english/62.php
,,,,Institute for Theoretical Solid State Physics,,https://www.tfp.kit.edu/english/843.php
,,,,Institute for Theory of Condensed Matter,,https://www.tkm.kit.edu/english/staff.php
,,,Institute for Theoretical Particle Physics,,,https://www.ttp.kit.edu/research/melnikov
,,,,,,https://www.ttp.kit.edu/research/nierste
,,,,,,https://www.ttp.kit.edu/research/steinhauser
,,,Institute for Theoretical Physics,,,https://www.itp.kit.edu//members
,,,Institute of Theoretical Solid State Physics,,,https://www.tfp.kit.edu/english/843.php
52,United States,University of Pennsylvania,Physics,Astrophysics and Cosmology,,https://www.physics.upenn.edu/research/astrophysics-and-cosmology
,,,,Condensed Matter,,https://www.physics.upenn.edu/research/condensed-matter
,,,,Particle Physics,,https://www.physics.upenn.edu/research/particle-physics
53,United States,"University of California, San Diego (UCSD)",Physics ,"Astronomy, Astrophysics, and Space Sciences
",,https://physics.ucsd.edu/Research
,,,,"Atomic, Molecular, and Optical Physics
",,https://physics.ucsd.edu/Research
,,,,"Biological Physics and Quantitative Biology
",,https://physics.ucsd.edu/Research
,,,,"Condensed Matter
",,https://physics.ucsd.edu/Research
,,,,"Particle Physics
",,https://physics.ucsd.edu/Research
,,,,"Plasma Physics
Plasma Physics",,https://physics.ucsd.edu/Research
54,Netherlanda,University of Amsterdam,,,,
